﻿<?xml version="1.0" encoding="utf-8" ?>
<Defs>

	<ThingDef ParentName="BasedWaterTower" DBHLite="true">
		<defName>ThingDef_RainWaterTank</defName>
		<label>Rain water tank</label>
		<description>A storage tank for rainfall. Works better the stronger the downpour.</description>
		<thingClass>HygieneAddon.Things.WaterReciever</thingClass>
		<graphicData>
			<texPath>Cooling/WaterTank/WaterTank</texPath>
			<graphicClass>Graphic_Single</graphicClass>
			<drawSize>(3,3)</drawSize>
			<damageData>
				<rect>(0.05,0.05,0.95,0.95)</rect>
			</damageData>
		</graphicData>
		<size>(2,2)</size>
		<blockWind>true</blockWind>
		<rotatable>false</rotatable>
		<altitudeLayer>Building</altitudeLayer>
		<comps>
			<li Class="DubsBadHygiene.CompProperties_WaterStorage">
				<WaterStorageCap>2000</WaterStorageCap>
			</li>
			<li Class="CompProperties_Flickable"/>
		</comps>
		<stuffCategories>
			<li>Stony</li>
			<li>Metallic</li>
		</stuffCategories>
		<costStuffCount>50</costStuffCount>
		<statBases>
			<MaxHitPoints>150</MaxHitPoints>
			<WorkToBuild>5000</WorkToBuild>
			<Flammability>0.0</Flammability>
		</statBases>
		<researchPrerequisites inherit="false">
			<li MayRequire="dbhlitemode">Plumbing</li>
		</researchPrerequisites>
		<modExtensions>
			<li Class = "HygieneAddon.ModExtensions.DefModExtension_Hygiene">
				<!-- value per second -->
				<weatherDefCounts>
					<li>
						<weatherDef>RainyThunderstorm</weatherDef>
						<water>1</water>
					</li>
					<li>
						<weatherDef>Rain</weatherDef>
						<water>0.75</water>
					</li>
					<li>
						<weatherDef>FoggyRain</weatherDef>
						<water>0.75</water>
					</li>
					<li MayRequire="ReGrowth.BOTR.Core">
						<weatherDef>RG_Monsoon</weatherDef>
						<water>1.25</water>
					</li>
					<li MayRequire="ReGrowth.BOTR.Core">
						<weatherDef>RG_Drizzle</weatherDef>
						<water>0.33</water>
					</li>
					<li MayRequire="sarg.alphabiomes">
						<weatherDef>AB_VolcanicAshRain</weatherDef>
						<water>0.083</water>
					</li>
					<li MayRequire="sarg.alphabiomes">
						<weatherDef>AB_ForsakenRainyNight</weatherDef>
						<water>0.75</water>
					</li>
				</weatherDefCounts>
				<forbidRoof>true</forbidRoof>
			</li>
		</modExtensions>
	</ThingDef>

	<ThingDef ParentName="BasedWaterTower" DBHLite="true">
		<defName>ThingDef_FogCatcher</defName>
		<label>Fog catcher</label>
		<description>A net aimed at catching the water held within fog. This can also take advantage of rain though to a lesser extent than a dedicated tank.</description>
		<thingClass>HygieneAddon.Things.WaterReciever</thingClass>
		<graphicData>
			<texPath>Cooling/FogCatcher/FogCatcher</texPath>
			<graphicClass>Graphic_Multi</graphicClass>
			<drawSize>(3,4)</drawSize>
			<damageData>
				<rect>(0.05,0.05,0.95,0.95)</rect>
			</damageData>
		</graphicData>
		<size>(3,2)</size>
		<altitudeLayer>Building</altitudeLayer>
		<blockWind>false</blockWind>
		<rotatable>true</rotatable>
		<comps>
			<li Class="DubsBadHygiene.CompProperties_WaterStorage">
				<WaterStorageCap>1</WaterStorageCap>
			</li>
			<li Class="CompProperties_Flickable"/>
		</comps>
		<stuffCategories>
			<li>Fabric</li>
		</stuffCategories>
		<costStuffCount>100</costStuffCount>
		<costList>
			<Steel>5</Steel>
		</costList>
		<statBases>
			<MaxHitPoints>150</MaxHitPoints>
			<WorkToBuild>5000</WorkToBuild>
			<Flammability>0.0</Flammability>
		</statBases>
		<researchPrerequisites inherit="false">
			<li MayRequire="dbhlitemode">Plumbing</li>
		</researchPrerequisites>
		<modExtensions>
			<li Class = "HygieneAddon.ModExtensions.DefModExtension_Hygiene">
				<!-- value per second -->
				<weatherDefCounts>
					<li>
						<weatherDef>RainyThunderstorm</weatherDef>
						<water>0.55</water>
					</li>
					<li>
						<weatherDef>Rain</weatherDef>
						<water>0.4</water>
					</li>
					<li>
						<weatherDef>FoggyRain</weatherDef>
						<water>0.4</water>
					</li>
					<li>
						<weatherDef>Fog</weatherDef>
						<water>0.166</water>
					</li>
					<li MayRequire="ReGrowth.BOTR.Core">
						<weatherDef>RG_FoggySnow</weatherDef>
						<water>0.083</water>
					</li>
					<li MayRequire="ReGrowth.BOTR.Core">
						<weatherDef>RG_Monsoon</weatherDef>
						<water>0.75</water>
					</li>
					<li MayRequire="ReGrowth.BOTR.Core">
						<weatherDef>RG_Drizzle</weatherDef>
						<water>0.33</water>
					</li>
					<li MayRequire="ReGrowth.BOTR.Core">
						<weatherDef>RG_FoggySandstorm</weatherDef>
						<water>0.083</water>
					</li>
					<li MayRequire="SirMashedPotato.MorrowRim">
						<weatherDef>MorrowRim_FoggyAshfall</weatherDef>
						<water>0.05</water>
					</li>
					<li MayRequire="sarg.alphabiomes">
						<weatherDef>AB_RedFog</weatherDef>
						<water>0.166</water>
					</li>
					<li MayRequire="sarg.alphabiomes">
						<weatherDef>AB_VolcanicAshRain</weatherDef>
						<water>0.083</water>
					</li>
					<li MayRequire="sarg.alphabiomes">
						<weatherDef>AB_ForsakenNight</weatherDef>
						<water>0.166</water>
					</li>
					<li MayRequire="sarg.alphabiomes">
						<weatherDef>AB_ForsakenRainyNight</weatherDef>
						<water>0.333</water>
					</li>
				</weatherDefCounts>
				<forbidRoof>true</forbidRoof>
			</li>
		</modExtensions>
	</ThingDef>

	<ThingDef ParentName="BasedWaterTower" DBHLite="true">
		<defName>ThingDef_AWG</defName>
		<label>Atmospheric Water Generator</label>
		<description>A side effect of air-conditioner cooling is the water drawn out through evaporator coils. An Atmospheric Water Generator takes advantage of this effect to draw and filter as much water from the ambient humidity as possible. This will never produce as much water as other options but it works to some degree in almost all weather patterns.</description>
		<thingClass>HygieneAddon.Things.WaterReciever</thingClass>
		<graphicData>
			<texPath>Cooling/AWG/AWG</texPath>
			<graphicClass>Graphic_Multi</graphicClass>
			<drawSize>(3,3)</drawSize>
			<damageData>
				<rect>(0.05,0.05,0.95,0.95)</rect>
			</damageData>
		</graphicData>
		<altitudeLayer>Building</altitudeLayer>
		<size>(2,2)</size>
		<blockWind>true</blockWind>
		<rotatable>true</rotatable>
		<comps>
			<li Class="DubsBadHygiene.CompProperties_WaterStorage">
				<WaterStorageCap>500</WaterStorageCap>
			</li>
			<li Class="CompProperties_Power">
				<compClass>CompPowerTrader</compClass>
				<basePowerConsumption>250</basePowerConsumption>
			</li>
			<li Class="CompProperties_Flickable"/>
			<li Class="CompProperties_Breakdownable"/>
		</comps>
		<costList>
			<Steel>120</Steel>
			<ComponentIndustrial>3</ComponentIndustrial>
		</costList>
		<statBases>
			<MaxHitPoints>150</MaxHitPoints>
			<WorkToBuild>5000</WorkToBuild>
			<Flammability>0.0</Flammability>
		</statBases>
		<researchPrerequisites inherit="false">
			<li MayRequire="dbhlitemode">Plumbing</li>
			<li>AirConditioning</li>
		</researchPrerequisites>
		<modExtensions>
			<li Class = "HygieneAddon.ModExtensions.DefModExtension_Hygiene">
				<!-- value per second -->
				<weatherDefCounts>
					<li MayRequire="ReGrowth.BOTR.Core">
						<weatherDef>RG_Monsoon</weatherDef>
						<water>0.25</water>
					</li>
					<li>
						<weatherDef>RainyThunderstorm</weatherDef>
						<water>0.25</water>
					</li>
					<li>
						<weatherDef>Rain</weatherDef>
						<water>0.25</water>
					</li>
					<li>
						<weatherDef>FoggyRain</weatherDef>
						<water>0.25</water>
					</li>
					<li>
						<weatherDef>Fog</weatherDef>
						<water>0.25</water>
					</li>
					<li MayRequire="ReGrowth.BOTR.Core">
						<weatherDef>RG_Overcast</weatherDef>
						<water>0.25</water>
					</li>
					<li MayRequire="ReGrowth.BOTR.Core">
						<weatherDef>RG_Windy</weatherDef>
						<water>0.1667</water>
					</li>
					<li>
						<weatherDef>Clear</weatherDef>
						<water>0.1667</water>
					</li>
					<li>
						<weatherDef>DryThunderstorm</weatherDef>
						<water>0.1667</water>
					</li>
					<li MayRequire="ReGrowth.BOTR.Core">
						<weatherDef>RG_FoggySnow</weatherDef>
						<water>0.1667</water>
					</li>
					<li MayRequire="ReGrowth.BOTR.Core">
						<weatherDef>RG_SandStorm</weatherDef>
						<water>0.05</water>
					</li>
					<li>
						<weatherDef>SnowHard</weatherDef>
						<water>0.0167</water>
					</li>
					<li>
						<weatherDef>SnowGentle</weatherDef>
						<water>0.0167</water>
					</li>
					<li MayRequire="ReGrowth.BOTR.Core">
						<weatherDef>RG_Hail</weatherDef>
						<water>0.0167</water>
					</li>
					<li MayRequire="ReGrowth.BOTR.Core">
						<weatherDef>RG_Blizzard</weatherDef>
						<water>0.0167</water>
					</li>
					<li MayRequire="ReGrowth.BOTR.Core">
						<weatherDef>RG_Drizzle</weatherDef>
						<water>0.33</water>
					</li>
					<li MayRequire="ReGrowth.BOTR.Core">
						<weatherDef>RG_FoggySandstorm</weatherDef>
						<water>0.33</water>
					</li>
					<li MayRequire="ReGrowth.BOTR.Core">
						<weatherDef>RG_SandStormHard</weatherDef>
						<water>0.33</water>
					</li>
					<li MayRequire="SirMashedPotato.MorrowRim">
						<weatherDef>MorrowRim_AshStorm</weatherDef>
						<water>0.05</water>
					</li>
					<li MayRequire="SirMashedPotato.MorrowRim">
						<weatherDef>MorrowRim_AshStorm_Metallic</weatherDef>
						<water>0.05</water>
					</li>
					<li MayRequire="SirMashedPotato.MorrowRim">
						<weatherDef>MorrowRim_LingeringAshClouds</weatherDef>
						<water>0.166</water>
					</li>
					<li MayRequire="SirMashedPotato.MorrowRim">
						<weatherDef>MorrowRim_Ashfall</weatherDef>
						<water>0.083</water>
					</li>
					<li MayRequire="SirMashedPotato.MorrowRim">
						<weatherDef>MorrowRim_FoggyAshfall</weatherDef>
						<water>0.166</water>
					</li>
					<li MayRequire="SirMashedPotato.MorrowRim.VolcanicAshlands">
						<weatherDef>MorrowRim_DenseLingeringAshClouds</weatherDef>
						<water>0.083</water>
					</li>
					<li MayRequire="sarg.alphabiomes">
						<weatherDef>AB_RedFog</weatherDef>
						<water>0.333</water>
					</li>
					<li MayRequire="sarg.alphabiomes">
						<weatherDef>AB_VolcanicAsh</weatherDef>
						<water>0.05</water>
					</li>
					<li MayRequire="sarg.alphabiomes">
						<weatherDef>AB_VolcanicAshRain</weatherDef>
						<water>0.25</water>
					</li>
					<li MayRequire="sarg.alphabiomes">
						<weatherDef>AB_ForsakenNight</weatherDef>
						<water>0.333</water>
					</li>
					<li MayRequire="sarg.alphabiomes">
						<weatherDef>AB_ForsakenRainyNight</weatherDef>
						<water>0.333</water>
					</li>
					<li MayRequire="sarg.alphabiomes">
						<weatherDef>AB_ForsakenThunderstorm</weatherDef>
						<water>0.1667</water>
					</li>
				</weatherDefCounts>
			</li>
		</modExtensions>
	</ThingDef>

	<ThingDef ParentName="BasedWaterTower" DBHLite="true">
		<defName>ThingDef_RainCatchment</defName>
		<label>Rain catchment</label>
		<description>Simple sheet metal angled over an open pipe. Will catch the rain to fill storage systems.</description>
		<thingClass>HygieneAddon.Things.WaterReciever</thingClass>
		<graphicData>
			<texPath>Cooling/RainCatchment/RainCatchment</texPath>
			<graphicClass>Graphic_Multi</graphicClass>
			<drawSize>(2,2)</drawSize>
			<damageData>
				<rect>(0.05,0.05,0.95,0.95)</rect>
			</damageData>
		</graphicData>
		<size>(1,1)</size>
		<blockWind>false</blockWind>
		<altitudeLayer>Building</altitudeLayer>
		<passability>PassThroughOnly</passability>
		<rotatable>true</rotatable>
		<comps>
			<li Class="DubsBadHygiene.CompProperties_WaterStorage">
				<WaterStorageCap>1</WaterStorageCap>
			</li>
			<li Class="CompProperties_Flickable"/>
		</comps>
		<stuffCategories>
			<li>Metallic</li>
		</stuffCategories>
		<costStuffCount>5</costStuffCount>
		<statBases>
			<MaxHitPoints>25</MaxHitPoints>
			<WorkToBuild>1000</WorkToBuild>
			<Flammability>0.0</Flammability>
		</statBases>
		<researchPrerequisites inherit="false">
			<li MayRequire="dbhlitemode">Plumbing</li>
		</researchPrerequisites>
		<modExtensions>
			<li Class = "HygieneAddon.ModExtensions.DefModExtension_Hygiene">
				<!-- value per second -->
				<weatherDefCounts>
					<li>
						<weatherDef>RainyThunderstorm</weatherDef>
						<water>0.40</water>
					</li>
					<li>
						<weatherDef>Rain</weatherDef>
						<water>0.3</water>
					</li>
					<li>
						<weatherDef>FoggyRain</weatherDef>
						<water>0.3</water>
					</li>
					<li MayRequire="ReGrowth.BOTR.Core">
						<weatherDef>RG_Monsoon</weatherDef>
						<water>0.60</water>
					</li>
					<li MayRequire="ReGrowth.BOTR.Core">
						<weatherDef>RG_Drizzle</weatherDef>
						<water>0.14</water>
					</li>
					<li MayRequire="sarg.alphabiomes">
						<weatherDef>AB_VolcanicAshRain</weatherDef>
						<water>0.04</water>
					</li>
					<li MayRequire="sarg.alphabiomes">
						<weatherDef>AB_ForsakenRainyNight</weatherDef>
						<water>0.3</water>
					</li>
				</weatherDefCounts>
				<forbidRoof>true</forbidRoof>
			</li>
		</modExtensions>
	</ThingDef>

</Defs>
